gene	baseMean	log2FoldChange	lfcSE	stat	pvalue	padj	Species
evm.TU.Contig10143.1366	9789.923392	-1.576006675	0.202933631	-7.766118725	8.09E-15	4.36E-14	KO
evm.TU.Contig10143.175	1221.961132	0.336018633	0.106991566	3.140608615	0.001685972	0.003089671	KO
evm.TU.Contig10143.184	129.0601204	-1.198385435	0.142606257	-8.403456204	4.34E-17	2.75E-16	KO
evm.TU.Contig10143.205	6064.779223	-1.173391385	0.108901728	-10.77477283	4.53E-27	5.63E-26	KO
evm.TU.Contig10143.332	10376.52367	-1.347474733	0.152401589	-8.841605547	9.44E-19	6.82E-18	KO
evm.TU.Contig10143.384	6167.852765	-1.752374126	0.154213691	-11.36328503	6.37E-30	9.45E-29	KO
evm.TU.Contig10143.541	15623.125	-0.168566129	0.110641632	-1.523532556	0.127625522	0.169303118	KO
evm.TU.Contig10143.767	2148.974624	0.353530968	0.090489572	3.906869718	9.35E-05	0.000202233	KO
evm.TU.Contig10143.785	119.2722519	-0.60118753	0.13031897	-4.613200453	3.97E-06	1.00E-05	KO
evm.TU.Contig10440.10	148.5318431	-0.645244854	0.140077684	-4.606335818	4.10E-06	1.03E-05	KO
evm.TU.Contig10440.120	3256.743298	-1.760837471	0.151922568	-11.59036143	4.61E-31	7.30E-30	KO
evm.TU.Contig10660.465	1000.582675	-0.657409493	0.077023388	-8.535193167	1.40E-17	9.28E-17	KO
evm.TU.Contig10660.648	426.7234801	-0.992780178	0.127396782	-7.792819881	6.55E-15	3.56E-14	KO
evm.TU.Contig106900.1	74.67856772	-0.438022465	0.172590663	-2.537926778	0.011151131	0.018093383	KO
evm.TU.Contig113663.1	5114.220222	-2.417637564	0.224352998	-10.77604303	4.47E-27	5.55E-26	KO
evm.TU.Contig11642.1273	1055.902672	-0.113813545	0.168194857	-0.676676727	0.498611086	0.560591319	KO
evm.TU.Contig11642.1548	2496.565817	-0.020767764	0.074625012	-0.278294956	0.780785948	0.817199493	KO
evm.TU.Contig11642.1571	953.600136	-0.166129453	0.100939972	-1.645824247	0.099799949	0.135688313	KO
evm.TU.Contig11642.310	470.4007931	0.03060059	0.101779855	0.300654683	0.763677828	0.802458941	KO
evm.TU.Contig11642.332	6890.91082	-1.796497615	0.163480181	-10.98908507	4.31E-28	5.67E-27	KO
evm.TU.Contig11642.755	2615.864578	-0.40101657	0.147525171	-2.718292527	0.006561979	0.011048731	KO
evm.TU.Contig11642.829	318.5533961	-0.157751777	0.230542674	-0.684262806	0.493809229	0.556281789	KO
evm.TU.Contig11642.844	1814.724126	-0.641453328	0.166509284	-3.85235773	0.000116986	0.000249531	KO
evm.TU.Contig12381.139	3152.37616	-1.651819304	0.229015101	-7.212709121	5.48E-13	2.58E-12	KO
evm.TU.Contig12381.200	6611.365523	-1.748880338	0.172028414	-10.16622953	2.81E-24	2.92E-23	KO
evm.TU.Contig12381.335	2929.02248	-0.214807801	0.072014773	-2.98282964	0.002855969	0.005068922	KO
evm.TU.Contig12381.394	1372.38473	0.229931835	0.12043692	1.909147418	0.056243077	0.080515718	KO
evm.TU.Contig12381.473	3619.186541	-2.094311175	0.286490584	-7.310226908	2.67E-13	1.28E-12	KO
evm.TU.Contig12381.56	1902.730507	0.062708244	0.150703822	0.416102545	0.677334968	0.72592383	KO
evm.TU.Contig12381.72	2963.492678	-0.260749009	0.095574757	-2.72822049	0.006367703	0.010738007	KO
evm.TU.Contig14326.151	1252.20303	-1.378488327	0.159854121	-8.623414363	6.50E-18	4.40E-17	KO
evm.TU.Contig14326.92	1656.186615	-0.367546535	0.097318781	-3.776727672	0.000158902	0.000333709	KO
evm.TU.Contig14326.971	1512.132533	-1.244732961	0.179346205	-6.940391968	3.91E-12	1.72E-11	KO
evm.TU.Contig166914.12	369.2909621	-0.876991995	0.186581575	-4.70031403	2.60E-06	6.71E-06	KO
evm.TU.Contig177267.1	2.544776123	-2.843094668	0.736453246	-3.860522964	0.000113145	0.00024183	KO
evm.TU.Contig2581.348	1781.670197	-3.796556172	0.423168934	-8.971727049	2.92E-19	2.19E-18	KO
evm.TU.Contig2581.405	111.1662583	-0.852009529	0.119621464	-7.122547255	1.06E-12	4.87E-12	KO
evm.TU.Contig2581.810	543.1344	-1.975691	0.1915744	-10.31292	6.16E-25	6.69E-24	KO
evm.TU.Contig2581.837	1364.091	-0.8401934	0.1365797	-6.151672	7.67E-10	2.80E-09	KO
evm.TU.Contig2581.867	1354.916	-0.5216478	0.1204344	-4.331386	1.48E-05	3.52E-05	KO
evm.TU.Contig26800.1	0.5235277	-1.801035	2.234223	-0.8061127	0.4201779	0.4851731	KO
evm.TU.Contig2685.1220	1425.695	0.3207959	0.08794787	3.647569	0.000264733	0.000541161	KO
evm.TU.Contig2685.296	1772.107	-0.7400203	0.08855714	-8.356417	6.47E-17	4.06E-16	KO
evm.TU.Contig2685.390	139.5504	-0.9646031	0.2317437	-4.16237	3.15E-05	7.20E-05	KO
evm.TU.Contig2685.439	1079.816	-0.1182328	0.1486932	-0.795146	0.4265286	0.4913733	KO
evm.TU.Contig2685.513	11395.19	-1.160842	0.1316957	-8.814575	1.20E-18	8.61E-18	KO
evm.TU.Contig2685.569	20554.73	-3.59677	0.169092	-21.27108	2.10E-100	9.59E-98	KO
evm.TU.Contig2685.622	1017.44	-0.9125938	0.1046371	-8.72151	2.75E-18	1.91E-17	KO
evm.TU.Contig2685.929	69.36651	-1.791475	0.1834645	-9.764696	1.60E-22	1.47E-21	KO
evm.TU.Contig2712.1339	173.8962	-1.331063	0.1075014	-12.38182	3.28E-35	6.54E-34	KO
evm.TU.Contig2712.1644	547.5243	-1.442763	0.1999122	-7.216982	5.32E-13	2.50E-12	KO
evm.TU.Contig2712.1754	3838.648	-2.431343	0.2271219	-10.70501	9.64E-27	1.18E-25	KO
evm.TU.Contig2712.262	291.1082	0.04475703	0.1214961	0.3683823	0.7125882	0.7573937	KO
evm.TU.Contig2712.320	562.7126	-0.1779553	0.0755164	-2.356512	0.01844746	0.02890828	KO
evm.TU.Contig2712.6	289.7542	-1.116517	0.2099282	-5.318567	1.05E-07	3.11E-07	KO
evm.TU.Contig2712.800	14859.88	-3.702556	0.2025523	-18.27951	1.21E-74	1.73E-72	KO
evm.TU.Contig2712.808	4763.38	-0.5465805	0.1423184	-3.840547	0.00012276	0.000261449	KO
evm.TU.Contig2800.138	2621.851	-0.4694568	0.09463744	-4.960582	7.03E-07	1.92E-06	KO
evm.TU.Contig29751.130	1956.024	-1.208138	0.1078891	-11.19797	4.17E-29	5.81E-28	KO
evm.TU.Contig29751.267	2240.501	-0.6733002	0.1146785	-5.8712	4.33E-09	1.47E-08	KO
evm.TU.Contig29751.72	126.3217	-1.1752	0.2900872	-4.051196	5.10E-05	0.0001137	KO
evm.TU.Contig3098.349	757.8246	-0.2033705	0.1323547	-1.536556	0.124402	0.1654982	KO
evm.TU.Contig3230.109	10129.94	-2.167087	0.2334493	-9.2829	1.65E-20	1.35E-19	KO
evm.TU.Contig3230.20	9774.047	-2.523746	0.1908001	-13.22717	6.11E-40	1.55E-38	KO
evm.TU.Contig3230.210	597.0846	-0.7521082	0.1420688	-5.293972	1.20E-07	3.53E-07	KO
evm.TU.Contig3230.211	552.8802	-0.8883063	0.1507002	-5.894528	3.76E-09	1.29E-08	KO
evm.TU.Contig32781.1	1.422413	-1.322924	0.8437723	-1.567868	0.1169118	0.1564772	KO
evm.TU.Contig3364.11	189.4908	-3.045184	0.2124528	-14.33346	1.35E-46	5.02E-45	KO
evm.TU.Contig3364.326	1448.404	-0.7866015	0.1220485	-6.444989	1.16E-10	4.53E-10	KO
evm.TU.Contig5252.125	23437.74	-2.571445	0.2081627	-12.35305	4.69E-35	9.25E-34	KO
evm.TU.Contig5252.1416	242.8078	-1.435369	0.2172165	-6.608011	3.90E-11	1.59E-10	KO
evm.TU.Contig5252.1493	337.5964	-0.7035951	0.1072452	-6.56062	5.36E-11	2.16E-10	KO
evm.TU.Contig5252.306	954.8904	-1.858493	0.1540625	-12.06324	1.65E-33	2.99E-32	KO
evm.TU.Contig5252.593	1171.683	-0.4228645	0.08176016	-5.172012	2.32E-07	6.63E-07	KO
evm.TU.Contig5252.603	14.25636	-1.956025	0.3247157	-6.023808	1.70E-09	6.03E-09	KO
evm.TU.Contig5252.748	17148.53	-0.8703821	0.1428783	-6.091774	1.12E-09	4.02E-09	KO
evm.TU.Contig5252.860	2445.926	-1.979973	0.1945749	-10.1759	2.54E-24	2.65E-23	KO
evm.TU.Contig5252.875	6437.842	-3.275634	0.2257067	-14.51279	1.01E-47	4.00E-46	KO
evm.TU.Contig5386.1128	458.8639	-0.5039388	0.1076105	-4.68299	2.83E-06	7.27E-06	KO
evm.TU.Contig5386.1199	1732.021	-0.5646389	0.1270315	-4.444873	8.79E-06	2.14E-05	KO
evm.TU.Contig5386.1209	558.7385	-0.4902182	0.2048562	-2.392987	0.01671184	0.02637578	KO
evm.TU.Contig5386.198	17252.41	-1.740498	0.2017238	-8.628123	6.24E-18	4.23E-17	KO
evm.TU.Contig5386.403	21004.66	-1.555571	0.1663502	-9.351182	8.67E-21	7.25E-20	KO
evm.TU.Contig5386.423	441.7949	-1.687119	0.1742407	-9.682694	3.57E-22	3.23E-21	KO
evm.TU.Contig5386.478	27410.48	-1.841543	0.1640434	-11.22595	3.04E-29	4.28E-28	KO
evm.TU.Contig5386.83	6650.085	-0.772824	0.2480132	-3.11606	0.001832847	0.003341885	KO
evm.TU.Contig5386.867	4941.124	-1.302968	0.1842749	-7.070782	1.54E-12	6.98E-12	KO
evm.TU.Contig5386.893	1895.217	-0.7589588	0.1289997	-5.883416	4.02E-09	1.37E-08	KO
evm.TU.Contig5387.19	85.91111	-0.9654175	0.2508787	-3.848144	0.000119016	0.000253784	KO
evm.TU.Contig5387.255	2553.44	-0.9968537	0.1204717	-8.274589	1.29E-16	7.93E-16	KO
evm.TU.Contig5483.33	918.1025	-0.3353552	0.09776926	-3.430068	0.00060343	0.001176713	KO
evm.TU.Contig5483.783	1650.818	-0.4944987	0.1127795	-4.384651	1.16E-05	2.79E-05	KO
evm.TU.Contig5483.784	7818.121	-1.576609	0.2050775	-7.687873	1.50E-14	7.91E-14	KO
evm.TU.Contig55996.1	56.73266	-0.5117035	0.3239346	-1.57965	0.1141869	0.1532411	KO
evm.TU.Contig6055.155	10803.96	-2.013849	0.1933069	-10.41789	2.05E-25	2.30E-24	KO
evm.TU.Contig6055.182	1602.962	-0.546683	0.07659813	-7.137027	9.54E-13	4.40E-12	KO
evm.TU.Contig6055.432	3565.622	-1.60432	0.2306303	-6.956245	3.49E-12	1.55E-11	KO
evm.TU.Contig6055.94	9713.57	-2.360623	0.2635928	-8.95557	3.38E-19	2.53E-18	KO
evm.TU.Contig70607.59	2765.527	-1.963327	0.1229881	-15.96355	2.29E-57	1.54E-55	KO
evm.TU.Contig70607.64	3742.664	-0.5747834	0.1059911	-5.42294	5.86E-08	1.79E-07	KO
evm.TU.Contig75.231	126000.2	-0.7893459	0.196381	-4.019462	5.83E-05	0.000129371	KO
evm.TU.Contig75.261	2611.667	-1.834952	0.1122183	-16.35164	4.23E-60	3.15E-58	KO
evm.TU.Contig75.281	6692.297	-0.6513792	0.1305975	-4.987683	6.11E-07	1.68E-06	KO
evm.TU.Contig75.316	2331.009	0.6805376	0.104543	6.509644	7.53E-11	3.00E-10	KO
evm.TU.Contig8573.446	3811.162	-0.1090238	0.1159095	-0.9405942	0.3469128	0.4112453	KO
evm.TU.Contig8573.77	2312.248	-3.882092	0.2316885	-16.75565	5.15E-63	4.52E-61	KO
evm.TU.Contig8624.189	16383.97	0.05560427	0.1338808	0.4153268	0.6779026	0.7263465	KO
evm.TU.Contig8624.265	1067.195	-0.8757809	0.1204716	-7.269604	3.61E-13	1.72E-12	KO
evm.TU.Contig8624.296	2695.761	-1.798516	0.1755935	-10.2425	1.28E-24	1.37E-23	KO
evm.TU.Contig8624.459	14965.2	-3.42383	0.1987647	-17.22554	1.71E-66	1.68E-64	KO
evm.TU.Contig8624.619	8204.465	-2.552384	0.1608254	-15.87053	1.01E-56	6.62E-55	KO
evm.TU.Contig8624.795	7142.096	-1.178705	0.07054228	-16.7092	1.12E-62	9.69E-61	KO
evm.TU.Contig8624.85	1188.272	-0.8911488	0.1046005	-8.519547	1.60E-17	1.06E-16	KO
evm.TU.Contig9220.195	11894.35	-2.356984	0.1652272	-14.26511	3.61E-46	1.32E-44	KO
evm.TU.Contig9220.237	7189.546	-0.6628181	0.1287095	-5.14972	2.61E-07	7.44E-07	KO
evm.TU.Contig9220.31	23212.86	-0.3340254	0.1330542	-2.510446	0.01205789	0.01945692	KO
evm.TU.Contig9220.796	711.0808	-0.407401	0.1111313	-3.665942	0.00024643	0.000506116	KO
evm.TU.Contig9220.797	2969.709	-0.2969095	0.08978131	-3.307031	0.000942906	0.001785873	KO
evm.TU.Contig9220.938	2260.401	-0.4499585	0.09110937	-4.938663	7.87E-07	2.14E-06	KO
evm.TU.Contig9867.172	849.6112	-0.634898	0.1590454	-3.991929	6.55E-05	0.000144574	KO
evm.TU.Contig9867.296	565.9146	0.8345808	0.2003343	4.165941	3.10E-05	7.09E-05	KO
evm.TU.Contig9867.824	19340.2	-3.794421	0.2865202	-13.24312	4.95E-40	1.26E-38	KO
evm.TU.Contig9868.227	1429.405	-2.366201	0.2381371	-9.936298	2.89E-23	2.82E-22	KO
evm.TU.Contig9868.404	8135.212	-1.472615	0.153097	-9.618841	6.66E-22	5.92E-21	KO
evm.TU.Contig9868.463	1941.094	-1.207884	0.1133151	-10.65951	1.57E-26	1.91E-25	KO
evm.TU.Contig9868.581	3.876736	-1.561439	0.5613305	-2.781675	0.005407918	0.009226385	KO
evm.TU.Contig9868.613	3410.871	0.4301348	0.1172865	3.667386	0.000245043	0.000503416	KO
evm.TU.Contig9868.785	1469.649	-0.04731774	0.07712185	-0.6135453	0.5395159	0.5992365	KO
evm.TU.Contig9868.87	18779.78	-1.348789	0.171073	-7.884291	3.16E-15	1.77E-14	KO
evm.TU.Contig10143.1366	6856.376652	-1.338003778	0.26275663	-5.092178939	3.54E-07	9.78E-07	KC
evm.TU.Contig10143.175	643.4845829	-0.703241055	0.230670962	-3.048676131	0.002298521	0.004004234	KC
evm.TU.Contig10143.184	90.27878571	-0.827057008	0.163162921	-5.068902928	4.00E-07	1.10E-06	KC
evm.TU.Contig10143.205	2796.949898	-1.780664114	0.307195937	-5.796509331	6.77E-09	2.23E-08	KC
evm.TU.Contig10143.332	6902.12061	-1.646023143	0.137102	-12.00582881	3.31E-33	8.87E-32	KC
evm.TU.Contig10143.384	4794.67227	-2.532231887	0.233762398	-10.83250304	2.41E-27	4.14E-26	KC
evm.TU.Contig10143.541	11260.26573	-1.565400452	0.217881016	-7.184657377	6.74E-13	3.26E-12	KC
evm.TU.Contig10143.767	1465.627837	-0.380432287	0.122907881	-3.095263568	0.001966381	0.003458161	KC
evm.TU.Contig10143.785	175.1322746	0.20231345	0.142884574	1.415922268	0.156798264	0.203932178	KC
evm.TU.Contig10440.10	144.0693335	-0.665722379	0.114927771	-5.792528422	6.93E-09	2.28E-08	KC
evm.TU.Contig10440.120	2406.400874	-2.058208405	0.224695471	-9.159990595	5.19E-20	4.74E-19	KC
evm.TU.Contig10660.465	792.2078982	-1.198155188	0.092794574	-12.91191003	3.86E-38	1.50E-36	KC
evm.TU.Contig10660.648	406.5784952	-1.196081725	0.121771415	-9.822352158	9.02E-23	1.05E-21	KC
evm.TU.Contig106900.1	61.35384506	-0.849192962	0.231061869	-3.675175681	0.000237686	0.000472007	KC
evm.TU.Contig113663.1	3190.018123	-3.290360105	0.324834933	-10.12932961	4.09E-24	5.43E-23	KC
evm.TU.Contig11642.1273	957.0673257	-1.098157892	0.189037448	-5.809208183	6.28E-09	2.07E-08	KC
evm.TU.Contig11642.1548	984.0779366	-0.990557394	0.177400527	-5.58373421	2.35E-08	7.36E-08	KC
evm.TU.Contig11642.1571	788.1461285	-0.743568762	0.112143453	-6.630514262	3.35E-11	1.37E-10	KC
evm.TU.Contig11642.310	443.4167702	-0.502997231	0.100245258	-5.01766611	5.23E-07	1.42E-06	KC
evm.TU.Contig11642.332	4844.235516	-2.314180766	0.238808385	-9.690533983	3.31E-22	3.65E-21	KC
evm.TU.Contig11642.755	2540.497129	-0.887631463	0.186852596	-4.750436893	2.03E-06	5.13E-06	KC
evm.TU.Contig11642.829	316.7958079	-0.746104994	0.130635609	-5.711344694	1.12E-08	3.62E-08	KC
evm.TU.Contig11642.844	1927.057736	-0.878679534	0.255671357	-3.436753897	0.00058873	0.001111413	KC
evm.TU.Contig12381.139	1373.347611	-2.914512323	0.287373304	-10.14190353	3.60E-24	4.79E-23	KC
evm.TU.Contig12381.200	4817.620089	-2.625774558	0.238762406	-10.99743718	3.93E-28	7.21E-27	KC
evm.TU.Contig12381.335	2770.356275	-0.737859247	0.152152421	-4.849474231	1.24E-06	3.21E-06	KC
evm.TU.Contig12381.394	1124.788882	-0.46244451	0.20358048	-2.271556245	0.023113326	0.034670802	KC
evm.TU.Contig12381.473	1619.985845	-1.596891161	0.211484844	-7.550853921	4.32E-14	2.33E-13	KC
evm.TU.Contig12381.56	1328.232985	-1.465830264	0.260793151	-5.62066243	1.90E-08	6.00E-08	KC
evm.TU.Contig12381.72	3681.416096	-0.344541832	0.10363875	-3.32444991	0.000885931	0.001632732	KC
evm.TU.Contig14326.151	1057.566684	-0.736505952	0.214381209	-3.435496771	0.000591469	0.001116109	KC
evm.TU.Contig14326.92	1329.915851	-0.412199539	0.119945329	-3.43656182	0.000589148	0.001112106	KC
evm.TU.Contig14326.971	1656.239117	-1.767211644	0.269731845	-6.551735264	5.69E-11	2.30E-10	KC
evm.TU.Contig166914.12	325.0216385	-1.827152189	0.170131628	-10.73963854	6.63E-27	1.10E-25	KC
evm.TU.Contig177267.1	4.093533209	-2.696972826	0.938937748	-2.872365961	0.004074109	0.006856693	KC
evm.TU.Contig2581.348	1159.322761	-3.192653913	0.165509024	-19.28990839	6.53E-83	4.11E-80	KC
evm.TU.Contig2581.405	83.85215086	-0.975772239	0.20166162	-4.838661126	1.31E-06	3.38E-06	KC
evm.TU.Contig2581.810	440.1662723	-2.275192376	0.265190374	-8.579468194	9.53E-18	7.16E-17	KC
evm.TU.Contig2581.837	830.6757504	-1.630259414	0.17888032	-9.113687937	7.96E-20	7.14E-19	KC
evm.TU.Contig2581.867	1152.007178	0.046701992	0.197064222	0.236988692	0.812665563	0.864511946	KC
evm.TU.Contig26800.1	0.820274691	-1.97104598	0.912457476	-2.160151056	0.030760978	0.045261994	KC
evm.TU.Contig2685.1220	1012.459572	-0.383050632	0.164835942	-2.323829541	0.020134632	0.030494055	KC
evm.TU.Contig2685.296	1159.687385	-1.223996132	0.216035225	-5.665724799	1.46E-08	4.67E-08	KC
evm.TU.Contig2685.390	722.6501652	-4.765800206	0.590292976	-8.073618357	6.82E-16	4.32E-15	KC
evm.TU.Contig2685.439	828.0760277	-0.424832818	0.176176548	-2.411403912	0.015891239	0.024493479	KC
evm.TU.Contig2685.513	9019.766488	-1.714764829	0.144485904	-11.86804238	1.73E-32	4.47E-31	KC
evm.TU.Contig2685.569	13401.71579	-3.326692572	0.195018022	-17.05838538	3.03E-65	7.33E-63	KC
evm.TU.Contig2685.622	959.6648514	-1.025269576	0.180281477	-5.687048913	1.29E-08	4.14E-08	KC
evm.TU.Contig2685.929	83.68381616	-3.565559676	0.233491621	-15.27061086	1.20E-52	1.29E-50	KC
evm.TU.Contig2712.1339	162.6723778	-1.588704182	0.161114632	-9.860706984	6.16E-23	7.31E-22	KC
evm.TU.Contig2712.1644	293.5149603	-2.319968929	0.265209895	-8.747671084	2.18E-18	1.72E-17	KC
evm.TU.Contig2712.1754	2425.105234	-3.238464402	0.316202391	-10.24174546	1.29E-24	1.79E-23	KC
evm.TU.Contig2712.262	250.4343844	-0.971895947	0.220693613	-4.403824541	1.06E-05	2.48E-05	KC
evm.TU.Contig2712.320	472.7118154	-0.348946152	0.087491077	-3.988362769	6.65E-05	0.000141264	KC
evm.TU.Contig2712.6	336.5817573	-1.46378984	0.259256856	-5.64609886	1.64E-08	5.21E-08	KC
evm.TU.Contig2712.800	10213.86578	-4.907679097	0.224027376	-21.90660437	2.25E-106	4.13E-103	KC
evm.TU.Contig2712.808	5729.336137	-1.183073425	0.23512645	-5.031647547	4.86E-07	1.32E-06	KC
evm.TU.Contig2800.138	1966.758102	-1.092034868	0.162901976	-6.703631813	2.03E-11	8.51E-11	KC
evm.TU.Contig29751.130	1413.757791	-1.672405424	0.219752964	-7.610388476	2.73E-14	1.50E-13	KC
evm.TU.Contig29751.267	1857.421291	-1.586021544	0.224193998	-7.074326525	1.50E-12	7.04E-12	KC
evm.TU.Contig29751.72	3129.694027	1.70533219	0.526356022	3.2398835	0.001195785	0.00216537	KC
evm.TU.Contig3098.349	1220.299999	-0.790825445	0.273415257	-2.89239691	0.003823146	0.006455644	KC
evm.TU.Contig3230.109	5590.632201	-2.627331357	0.225683326	-11.64167246	2.53E-31	5.91E-30	KC
evm.TU.Contig3230.20	8552.87693	-2.636290478	0.216690895	-12.16613404	4.71E-34	1.34E-32	KC
evm.TU.Contig3230.210	835.6233731	-0.469257907	0.219501833	-2.137831381	0.032530431	0.047687196	KC
evm.TU.Contig3230.211	718.3476518	-0.703662475	0.251602813	-2.796719427	0.005162434	0.008560143	KC
evm.TU.Contig32781.1	2.92461897	-1.846806884	0.747594713	-2.470331653	0.013498784	0.021038542	KC
evm.TU.Contig3364.11	331.3380527	-2.762505084	0.186842952	-14.78517145	1.83E-49	1.57E-47	KC
evm.TU.Contig3364.326	1043.807432	-1.10118613	0.15953441	-6.902499149	5.11E-12	2.27E-11	KC
evm.TU.Contig5252.125	15446.27108	-3.307869238	0.250973568	-13.18014988	1.14E-39	5.05E-38	KC
evm.TU.Contig5252.1416	153.3378916	-2.26826626	0.31672346	-7.16166165	7.97E-13	3.83E-12	KC
evm.TU.Contig5252.1493	566.7048456	-0.600540135	0.112562935	-5.335149916	9.55E-08	2.81E-07	KC
evm.TU.Contig5252.306	484.1625328	-2.373238736	0.224054085	-10.59225827	3.24E-26	5.09E-25	KC
evm.TU.Contig5252.593	1491.156865	-0.334103364	0.086289707	-3.871879707	0.000107999	0.000223749	KC
evm.TU.Contig5252.603	22.87630731	-0.977841696	0.326313891	-2.996629085	0.002729826	0.004704263	KC
evm.TU.Contig5252.748	7406.123588	-1.798590347	0.22906171	-7.851990404	4.09E-15	2.41E-14	KC
evm.TU.Contig5252.860	979.5452396	-1.526498731	0.138912237	-10.98894352	4.32E-28	7.89E-27	KC
evm.TU.Contig5252.875	2689.896304	-4.210851082	0.206589397	-20.38270666	2.38E-92	2.28E-89	KC
evm.TU.Contig5386.1128	288.3783487	-0.512013751	0.129547028	-3.952338842	7.74E-05	0.00016305	KC
evm.TU.Contig5386.1199	1073.136804	-0.984133967	0.199793153	-4.92576424	8.40E-07	2.22E-06	KC
evm.TU.Contig5386.1209	328.1480344	-1.259120602	0.246453133	-5.108965693	3.24E-07	8.99E-07	KC
evm.TU.Contig5386.198	8123.629361	-2.11315856	0.199140173	-10.61141269	2.64E-26	4.17E-25	KC
evm.TU.Contig5386.403	9471.034107	-2.188931207	0.228272541	-9.589113071	8.88E-22	9.45E-21	KC
evm.TU.Contig5386.423	53.71235419	-2.052317711	0.21049264	-9.750068752	1.84E-22	2.09E-21	KC
evm.TU.Contig5386.478	14693.60146	-1.888065786	0.162794364	-11.59785721	4.23E-31	9.67E-30	KC
evm.TU.Contig5386.83	7501.326497	-2.437235403	0.248440852	-9.810123335	1.02E-22	1.18E-21	KC
evm.TU.Contig5386.867	2915.33129	-1.699123337	0.205149542	-8.282364777	1.21E-16	8.22E-16	KC
evm.TU.Contig5386.893	1176.789246	-2.101709665	0.360239431	-5.834202159	5.40E-09	1.80E-08	KC
evm.TU.Contig5387.19	340.4907089	-1.448142914	0.320358026	-4.520389052	6.17E-06	1.48E-05	KC
evm.TU.Contig5387.255	3434.684323	-1.797455906	0.231800643	-7.754318018	8.88E-15	5.08E-14	KC
evm.TU.Contig5483.33	617.2218053	-0.98830571	0.199341993	-4.957840028	7.13E-07	1.90E-06	KC
evm.TU.Contig5483.783	1247.886505	-0.378913537	0.147520659	-2.568545587	0.010212628	0.016203526	KC
evm.TU.Contig5483.784	5037.4957	-1.784204085	0.152962392	-11.66433178	1.94E-31	4.56E-30	KC
evm.TU.Contig55996.1	58.08868584	-0.809100131	0.193094839	-4.190169634	2.79E-05	6.20E-05	KC
evm.TU.Contig6055.155	6464.580005	-2.80608673	0.268809811	-10.43892973	1.65E-25	2.45E-24	KC
evm.TU.Contig6055.182	1274.624033	-1.084447422	0.099916753	-10.85350948	1.92E-27	3.31E-26	KC
evm.TU.Contig6055.432	4173.605976	-2.002804689	0.233808229	-8.566014548	1.07E-17	8.00E-17	KC
evm.TU.Contig6055.94	6010.337566	-2.865887518	0.226138502	-12.67315163	8.33E-37	2.88E-35	KC
evm.TU.Contig70607.59	2158.532398	-3.235638369	0.379335099	-8.529762679	1.47E-17	1.08E-16	KC
evm.TU.Contig70607.64	2858.391092	-0.270184585	0.09941284	-2.717803707	0.006571681	0.010728908	KC
evm.TU.Contig75.231	92867.8	-2.09	0.2295046	-9.106572	8.50E-20	7.61E-19	KC
evm.TU.Contig75.261	2469.429	-1.683842	0.15267	-11.02929	2.76E-28	5.14E-27	KC
evm.TU.Contig75.281	3923.714	-0.6815614	0.3262918	-2.088809	0.03672489	0.05343059	KC
evm.TU.Contig75.316	1199.826	-0.7747061	0.198613	-3.900582	9.60E-05	0.000199996	KC
evm.TU.Contig8573.446	2556.461	-0.9512408	0.2207518	-4.309097	1.64E-05	3.74E-05	KC
evm.TU.Contig8573.77	1925.056	-4.022037	0.2866319	-14.03206	9.92E-45	6.04E-43	KC
evm.TU.Contig8624.189	15522.5	-0.8424818	0.1736847	-4.850638	1.23E-06	3.19E-06	KC
evm.TU.Contig8624.265	890.5047	-0.8698456	0.1509576	-5.762184	8.30E-09	2.72E-08	KC
evm.TU.Contig8624.296	2723.939	-2.294906	0.1748715	-13.12338	2.42E-39	1.03E-37	KC
evm.TU.Contig8624.459	8300.029	-3.662572	0.1607269	-22.78755	6.09E-115	1.49E-111	KC
evm.TU.Contig8624.619	5117.161	-3.746872	0.2350974	-15.93753	3.48E-57	5.01E-55	KC
evm.TU.Contig8624.795	5392.571	-1.704715	0.1835293	-9.288514	1.56E-20	1.50E-19	KC
evm.TU.Contig8624.85	887.3107	-1.74086	0.20521	-8.483308	2.19E-17	1.59E-16	KC
evm.TU.Contig9220.195	6822.587	-3.016594	0.2102507	-14.3476	1.10E-46	7.91E-45	KC
evm.TU.Contig9220.237	5084.958	-1.615873	0.2099628	-7.695995	1.40E-14	7.92E-14	KC
evm.TU.Contig9220.31	21061.05	-1.506824	0.2606688	-5.780609	7.44E-09	2.44E-08	KC
evm.TU.Contig9220.796	548.7078	-0.7173834	0.1477727	-4.854642	1.21E-06	3.13E-06	KC
evm.TU.Contig9220.797	2484.898	-0.2857469	0.08037474	-3.555183	0.000377716	0.000729884	KC
evm.TU.Contig9220.938	1892.508	-0.5262528	0.1050515	-5.009473	5.46E-07	1.48E-06	KC
evm.TU.Contig9867.172	598.1182	-0.9673258	0.1196805	-8.082568	6.34E-16	4.04E-15	KC
evm.TU.Contig9867.296	743.4761	-1.291546	0.3467102	-3.725145	0.000195203	0.000391348	KC
evm.TU.Contig9867.824	17727.47	-5.701716	0.4698898	-12.13416	6.96E-34	1.96E-32	KC
evm.TU.Contig9868.227	582.2582	-3.583498	0.2797245	-12.81081	1.43E-37	5.32E-36	KC
evm.TU.Contig9868.404	6502.867	-1.920479	0.1931175	-9.944619	2.66E-23	3.27E-22	KC
evm.TU.Contig9868.463	3189.427	-1.519899	0.1537383	-9.886275	4.77E-23	5.74E-22	KC
evm.TU.Contig9868.581	8.556104	-0.02338173	0.561034	-0.04167614	0.9667569	0.9751685	KC
evm.TU.Contig9868.613	3066.407	-0.435757	0.1788446	-2.436512	0.01482966	0.02295065	KC
evm.TU.Contig9868.785	1612.86	-0.3092388	0.1374835	-2.24928	0.02449469	0.03658424	KC
evm.TU.Contig9868.87	12713.02	-1.870516	0.2100047	-8.907017	5.24E-19	4.40E-18	KC